{
  "database": "/Users/akonwi/Library/Application Support/com.akonwi.maestro/maestro.sqlite",
  "generated_at_utc": "2026-02-24T01:46:32.348852+00:00",
  "settings": {
    "min_history": 10,
    "recent_limit": 5,
    "league_ids": [],
    "use_league_specific_models": true
  },
  "model_version": "corner-local-v1.0",
  "model_params": {
    "attack_weight": 0.5,
    "defense_weight": 0.5,
    "venue_weight": 0.2,
    "recent_weight": 0.28,
    "pace_weight_shots": 0.0,
    "pace_weight_possession": 1.0,
    "confidence_base": 0.52,
    "confidence_scale": 0.3
  },
  "league_model_overrides": {
    "40": {
      "attack_weight": 0.5,
      "defense_weight": 0.5,
      "venue_weight": 0.2,
      "recent_weight": 0.12,
      "pace_weight_shots": 0.0,
      "pace_weight_possession": 1.0,
      "confidence_base": 0.52,
      "confidence_scale": 0.3
    }
  },
  "coverage": {
    "finished_with_stats": 2207,
    "eligible_for_projection": 977,
    "coverage_rate": 0.4426823742637064,
    "skipped_for_insufficient_history": 1230
  },
  "accuracy": {
    "home": {
      "n": 977,
      "mae": 2.0988264090704325,
      "rmse": 2.7108262856765393,
      "bias": -0.47156865357014066,
      "within_1": 0.29887410440122825,
      "within_2": 0.5465711361310133
    },
    "away": {
      "n": 977,
      "mae": 2.0503073821282816,
      "rmse": 2.5672710224748903,
      "bias": 0.45457048912966186,
      "within_1": 0.28454452405322417,
      "within_2": 0.548618219037871
    },
    "total": {
      "n": 977,
      "mae": 2.572503339993543,
      "rmse": 3.25622348113307,
      "bias": -0.016998164440477925,
      "within_1": 0.24257932446264074,
      "within_2": 0.4687819856704197
    }
  },
  "baseline_accuracy": {
    "home": {
      "n": 977,
      "mae": 2.254685371038984,
      "rmse": 2.8406649193759566,
      "bias": 0.10512440743545673,
      "within_1": 0.28249744114636643,
      "within_2": 0.5117707267144319
    },
    "away": {
      "n": 977,
      "mae": 2.086500100239507,
      "rmse": 2.664927474402481,
      "bias": -0.09076296958951816,
      "within_1": 0.29273285568065505,
      "within_2": 0.5649948822927329
    },
    "total": {
      "n": 977,
      "mae": 2.584359133740993,
      "rmse": 3.263174467999644,
      "bias": 0.014361437845938636,
      "within_1": 0.24872057318321392,
      "within_2": 0.46366427840327534
    }
  },
  "improvement_vs_baseline_mae": {
    "home": 0.06912670121096753,
    "away": 0.017346137729430666,
    "total": 0.004587517885058137
  },
  "by_league_total_mae": {
    "Championship": {
      "n": 258,
      "mae": 2.6469972798613264,
      "rmse": 3.2841534054493007,
      "bias": -0.15586003887454652,
      "within_1": 0.20930232558139536,
      "within_2": 0.44573643410852715
    },
    "Premier League": {
      "n": 163,
      "mae": 2.539666779511248,
      "rmse": 3.2078903831744934,
      "bias": -0.048321658354269444,
      "within_1": 0.27607361963190186,
      "within_2": 0.48466257668711654
    },
    "Serie A": {
      "n": 133,
      "mae": 2.435111410201097,
      "rmse": 3.1419887011324605,
      "bias": 0.17505596722933858,
      "within_1": 0.2631578947368421,
      "within_2": 0.518796992481203
    },
    "La Liga": {
      "n": 129,
      "mae": 2.566531088714279,
      "rmse": 3.3174623720338885,
      "bias": 0.029849621940842907,
      "within_1": 0.2248062015503876,
      "within_2": 0.4418604651162791
    },
    "Bundesliga": {
      "n": 116,
      "mae": 2.6048354494238133,
      "rmse": 3.4111549580955502,
      "bias": 0.07247238413548197,
      "within_1": 0.28448275862068967,
      "within_2": 0.47413793103448276
    },
    "Ligue 1": {
      "n": 93,
      "mae": 2.6808902551614264,
      "rmse": 3.262662850514311,
      "bias": 0.34044098004875684,
      "within_1": 0.20430107526881722,
      "within_2": 0.41935483870967744
    },
    "Pro League": {
      "n": 84,
      "mae": 2.4211969575258045,
      "rmse": 3.0524505369136223,
      "bias": -0.34632782476411594,
      "within_1": 0.2619047619047619,
      "within_2": 0.5238095238095238
    }
  },
  "by_confidence_band_total": {
    "60-69%": {
      "n": 510,
      "mae": 2.638459954012182,
      "rmse": 3.3687026458196625,
      "bias": 0.10006477568206894,
      "within_1": 0.24901960784313726,
      "within_2": 0.4745098039215686
    },
    "70-79%": {
      "n": 467,
      "mae": 2.500473633035286,
      "rmse": 3.128771719471528,
      "bias": -0.14483991917816255,
      "within_1": 0.23554603854389722,
      "within_2": 0.4625267665952891
    }
  }
}
