{
  "database": "/Users/akonwi/Library/Application Support/com.akonwi.maestro/maestro.sqlite",
  "generated_at_utc": "2026-03-11T23:01:46.801299+00:00",
  "settings": {
    "min_history": 10,
    "recent_limit": 5,
    "league_ids": [],
    "use_league_specific_models": true
  },
  "model_version": "corner-local-v1.0",
  "model_params": {
    "attack_weight": 0.5,
    "defense_weight": 0.5,
    "venue_weight": 0.2,
    "recent_weight": 0.28,
    "pace_weight_shots": 0.0,
    "pace_weight_shot_quality": 0.0,
    "pace_weight_tempo_quality": 0.0,
    "pace_weight_xg": 0.0,
    "pace_weight_possession": 1.0
  },
  "league_model_overrides": {
    "40": {
      "attack_weight": 0.5,
      "defense_weight": 0.5,
      "venue_weight": 0.6,
      "recent_weight": 0.06,
      "pace_weight_shots": 0.0,
      "pace_weight_shot_quality": 0.0,
      "pace_weight_tempo_quality": 0.0,
      "pace_weight_xg": 0.0,
      "pace_weight_possession": 1.0
    }
  },
  "coverage": {
    "finished_with_stats": 2594,
    "eligible_for_projection": 1262,
    "coverage_rate": 0.4865073245952197,
    "skipped_for_insufficient_history": 1332
  },
  "accuracy": {
    "home": {
      "n": 1262,
      "mae": 2.1082087028789216,
      "rmse": 2.7192624042067526,
      "bias": -0.4846582976673433,
      "within_1": 0.30427892234548337,
      "within_2": 0.5530903328050714
    },
    "away": {
      "n": 1262,
      "mae": 2.0577651211869203,
      "rmse": 2.5527994835246957,
      "bias": 0.5093380067023655,
      "within_1": 0.27496038034865294,
      "within_2": 0.5364500792393027
    },
    "total": {
      "n": 1262,
      "mae": 2.5832192068559245,
      "rmse": 3.246111222810279,
      "bias": 0.024679709035023104,
      "within_1": 0.2432646592709984,
      "within_2": 0.46038034865293187
    }
  },
  "baseline_accuracy": {
    "home": {
      "n": 1262,
      "mae": 2.266207602292628,
      "rmse": 2.851518517446932,
      "bias": 0.05509338605575806,
      "within_1": 0.27496038034865294,
      "within_2": 0.5095087163232963
    },
    "away": {
      "n": 1262,
      "mae": 2.088607372284926,
      "rmse": 2.6370183957202196,
      "bias": 0.006552891844910244,
      "within_1": 0.2836767036450079,
      "within_2": 0.554675118858954
    },
    "total": {
      "n": 1262,
      "mae": 2.5963345842708154,
      "rmse": 3.2522737380637974,
      "bias": 0.061646277900668275,
      "within_1": 0.24564183835182252,
      "within_2": 0.45641838351822506
    }
  },
  "improvement_vs_baseline_mae": {
    "home": 0.06971951698240944,
    "away": 0.01476689755445251,
    "total": 0.005051497404975005
  },
  "by_league_total_mae": {
    "Championship": {
      "n": 317,
      "mae": 2.6461002112668184,
      "rmse": 3.271701560663569,
      "bias": -0.11619051311458883,
      "within_1": 0.21451104100946372,
      "within_2": 0.45110410094637227
    },
    "Premier League": {
      "n": 191,
      "mae": 2.505421291599314,
      "rmse": 3.1457933394733852,
      "bias": -0.03787127027889938,
      "within_1": 0.27225130890052357,
      "within_2": 0.47643979057591623
    },
    "Serie A": {
      "n": 180,
      "mae": 2.458790085898942,
      "rmse": 3.150376202622775,
      "bias": 0.04455335118782365,
      "within_1": 0.2722222222222222,
      "within_2": 0.49444444444444446
    },
    "La Liga": {
      "n": 170,
      "mae": 2.679638566507985,
      "rmse": 3.42125344360222,
      "bias": 0.16558369719070853,
      "within_1": 0.2235294117647059,
      "within_2": 0.4294117647058823
    },
    "Ligue 1": {
      "n": 135,
      "mae": 2.6215378590034812,
      "rmse": 3.205692972537303,
      "bias": 0.2553758020372952,
      "within_1": 0.2222222222222222,
      "within_2": 0.42962962962962964
    },
    "Bundesliga": {
      "n": 135,
      "mae": 2.5944403326844525,
      "rmse": 3.341742647726633,
      "bias": 0.06535112965365049,
      "within_1": 0.26666666666666666,
      "within_2": 0.45925925925925926
    },
    "Pro League": {
      "n": 133,
      "mae": 2.5095291438058602,
      "rmse": 3.1258335192276725,
      "bias": 0.017840843467597664,
      "within_1": 0.2556390977443609,
      "within_2": 0.48872180451127817
    }
  },
  "by_confidence_band_total": {
    "60-69%": {
      "n": 510,
      "mae": 2.6391318110413686,
      "rmse": 3.369963837784983,
      "bias": 0.09594604956808238,
      "within_1": 0.24901960784313726,
      "within_2": 0.47843137254901963
    },
    "70-79%": {
      "n": 751,
      "mae": 2.5437359196565077,
      "rmse": 3.1585412038552234,
      "bias": -0.028637060235098277,
      "within_1": 0.2396804260985353,
      "within_2": 0.44873501997336884
    },
    "80%+": {
      "n": 1,
      "mae": 3.7197397590361465,
      "rmse": 3.7197397590361465,
      "bias": 3.7197397590361465,
      "within_1": 0.0,
      "within_2": 0.0
    }
  }
}
