{
  "database": "/Users/akonwi/Library/Application Support/com.akonwi.maestro/maestro.sqlite",
  "generated_at_utc": "2026-03-11T02:35:57.645291+00:00",
  "settings": {
    "min_history": 10,
    "recent_limit": 5,
    "league_ids": [],
    "use_league_specific_models": true
  },
  "model_version": "goal-local-v1.0",
  "model_params": {
    "attack_weight": 0.55,
    "defense_weight": 0.45,
    "venue_weight": 0.35,
    "recent_weight": 0.22,
    "goals_weight": 0.55,
    "xg_weight": 0.45,
    "shot_volume_weight": 0.3,
    "shot_quality_weight": 0.35,
    "possession_weight": 0.1,
    "finishing_weight": 0.25,
    "home_advantage_goals": 0.18
  },
  "league_model_overrides": {
    "40": {
      "attack_weight": 0.56,
      "defense_weight": 0.44,
      "venue_weight": 0.42,
      "recent_weight": 0.18,
      "goals_weight": 0.52,
      "xg_weight": 0.48,
      "shot_volume_weight": 0.32,
      "shot_quality_weight": 0.36,
      "possession_weight": 0.08,
      "finishing_weight": 0.24,
      "home_advantage_goals": 0.16
    }
  },
  "coverage": {
    "finished_with_stats": 2591,
    "eligible_for_projection": 1259,
    "coverage_rate": 0.48591277499035124,
    "skipped_for_insufficient_history": 1332
  },
  "accuracy": {
    "home": {
      "n": 1259,
      "mae": 0.961671261646306,
      "rmse": 1.180481342773579,
      "bias": 0.10204372220906596,
      "within_1": 0.5750595710881652,
      "within_2": 0.9308975377283558
    },
    "away": {
      "n": 1259,
      "mae": 0.8818700650494992,
      "rmse": 1.1090377044970718,
      "bias": 0.09309412690133347,
      "within_1": 0.6266878474980143,
      "within_2": 0.9451945988880064
    },
    "total": {
      "n": 1259,
      "mae": 1.3171089333186523,
      "rmse": 1.6367992190634333,
      "bias": 0.19513784911039933,
      "within_1": 0.443208895949166,
      "within_2": 0.7871326449563145
    }
  },
  "baseline_accuracy": {
    "home": {
      "n": 1259,
      "mae": 1.0129030907006564,
      "rmse": 1.2414570966838607,
      "bias": 0.02926256958283869,
      "within_1": 0.5766481334392375,
      "within_2": 0.9324861000794281
    },
    "away": {
      "n": 1259,
      "mae": 0.9020453788278558,
      "rmse": 1.1590420428469508,
      "bias": -0.054866893950973813,
      "within_1": 0.5996822875297856,
      "within_2": 0.9459888800635425
    },
    "total": {
      "n": 1259,
      "mae": 1.2828415214485562,
      "rmse": 1.6098453014278353,
      "bias": -0.025604324368135114,
      "within_1": 0.4789515488482923,
      "within_2": 0.7966640190627482
    }
  },
  "improvement_vs_baseline_mae": {
    "home": 0.05057920103581852,
    "away": 0.022366184952438955,
    "total": -0.02671211626468254
  },
  "market_accuracy": {
    "over_2_5": {
      "n": 1259,
      "accuracy": 0.5305798252581414,
      "brier": 0.25594978566359117,
      "avg_pred": 0.556293969628718,
      "actual_rate": 0.5337569499602859,
      "pick_rate": 0.6791104050833995
    },
    "btts": {
      "n": 1259,
      "accuracy": 0.5401111993645751,
      "brier": 0.25105876089178003,
      "avg_pred": 0.5567536325556846,
      "actual_rate": 0.5440826052422557,
      "pick_rate": 0.7323272438443209
    }
  },
  "baseline_market_accuracy": {
    "over_2_5": {
      "n": 1259,
      "accuracy": 0.5202541699761716,
      "brier": 0.25573881506721974,
      "avg_pred": 0.5275167123014818,
      "actual_rate": 0.5337569499602859,
      "pick_rate": 0.659253375694996
    },
    "btts": {
      "n": 1259,
      "accuracy": 0.5488482922954726,
      "brier": 0.2543750289336412,
      "avg_pred": 0.5188429497833547,
      "actual_rate": 0.5440826052422557,
      "pick_rate": 0.6203335980937251
    }
  },
  "by_league_total_goals": {
    "Championship": {
      "n": 314,
      "mae": 1.1789402481417355,
      "rmse": 1.4682591952025432,
      "bias": 0.09718001670636868,
      "within_1": 0.5095541401273885,
      "within_2": 0.8312101910828026
    },
    "Premier League": {
      "n": 191,
      "mae": 1.3894787924457466,
      "rmse": 1.73612994616258,
      "bias": 0.28959423524713296,
      "within_1": 0.39790575916230364,
      "within_2": 0.7853403141361257
    },
    "Serie A": {
      "n": 180,
      "mae": 1.2086866365354934,
      "rmse": 1.4989867806407802,
      "bias": 0.09663871032564764,
      "within_1": 0.48333333333333334,
      "within_2": 0.8277777777777777
    },
    "La Liga": {
      "n": 170,
      "mae": 1.1971787605435575,
      "rmse": 1.465659530200153,
      "bias": 0.2038428192794682,
      "within_1": 0.4588235294117647,
      "within_2": 0.8411764705882353
    },
    "Ligue 1": {
      "n": 135,
      "mae": 1.5767272258630438,
      "rmse": 1.8870545431575942,
      "bias": 0.6976949475925694,
      "within_1": 0.34074074074074073,
      "within_2": 0.6592592592592592
    },
    "Bundesliga": {
      "n": 135,
      "mae": 1.4352419732460642,
      "rmse": 1.8004663708252107,
      "bias": 0.5052604469167441,
      "within_1": 0.43703703703703706,
      "within_2": 0.7111111111111111
    },
    "Pro League": {
      "n": 133,
      "mae": 1.4364538177577513,
      "rmse": 1.7708229575746015,
      "bias": -0.38106331788463793,
      "within_1": 0.39097744360902253,
      "within_2": 0.7744360902255639
    }
  },
  "by_confidence_band_total_goals": {
    "50-59%": {
      "n": 12,
      "mae": 1.7112777010652638,
      "rmse": 2.0422581741646404,
      "bias": 1.3894638581098813,
      "within_1": 0.3333333333333333,
      "within_2": 0.6666666666666666
    },
    "60-69%": {
      "n": 681,
      "mae": 1.3669147308038356,
      "rmse": 1.6926148371227532,
      "bias": 0.2108967878206963,
      "within_1": 0.42290748898678415,
      "within_2": 0.7738619676945668
    },
    "70-79%": {
      "n": 566,
      "mae": 1.2488266483356687,
      "rmse": 1.5568861353257772,
      "bias": 0.15085560640773882,
      "within_1": 0.46996466431095407,
      "within_2": 0.8056537102473498
    }
  }
}
