{
  "database": "/Users/akonwi/Library/Application Support/com.akonwi.maestro/maestro.sqlite",
  "generated_at_utc": "2026-03-12T01:03:33.041077+00:00",
  "overall": {
    "total": 2,
    "resolved_wl": 2,
    "wins": 2,
    "losses": 0,
    "win_rate": 1.0,
    "total_staked": 2.7262845826613775,
    "net_profit": 5.589426873992066,
    "roi": 2.050199348057682,
    "implied_break_even": 0.3449800651942318,
    "edge_gap": 0.6550199348057681
  },
  "prompt_versions": {
    "goal-local-v1.0": {
      "total": 2,
      "resolved_wl": 2,
      "wins": 2,
      "losses": 0,
      "win_rate": 1.0,
      "total_staked": 2.7262845826613775,
      "net_profit": 5.589426873992066,
      "roi": 2.050199348057682,
      "implied_break_even": 0.3449800651942318,
      "edge_gap": 0.6550199348057681
    }
  },
  "markets": {
    "Unknown(16)": {
      "total": 1,
      "resolved_wl": 1,
      "wins": 1,
      "losses": 0,
      "win_rate": 1.0,
      "total_staked": 1.7262845826613775,
      "net_profit": 2.5894268739920663,
      "roi": 1.5,
      "implied_break_even": 0.4,
      "edge_gap": 0.6
    },
    "Unknown(5)": {
      "total": 1,
      "resolved_wl": 1,
      "wins": 1,
      "losses": 0,
      "win_rate": 1.0,
      "total_staked": 1.0,
      "net_profit": 3.0,
      "roi": 3.0,
      "implied_break_even": 0.25,
      "edge_gap": 0.75
    }
  },
  "leagues": {
    "Championship": {
      "total": 2,
      "resolved_wl": 2,
      "wins": 2,
      "losses": 0,
      "win_rate": 1.0,
      "total_staked": 2.7262845826613775,
      "net_profit": 5.589426873992066,
      "roi": 2.050199348057682,
      "implied_break_even": 0.3449800651942318,
      "edge_gap": 0.6550199348057681
    }
  },
  "confidence_bands": {
    "70-79%": {
      "total": 2,
      "resolved_wl": 2,
      "wins": 2,
      "losses": 0,
      "win_rate": 1.0,
      "total_staked": 2.7262845826613775,
      "net_profit": 5.589426873992066,
      "roi": 2.050199348057682,
      "implied_break_even": 0.3449800651942318,
      "edge_gap": 0.6550199348057681
    }
  },
  "window_previous_10": null,
  "window_recent_10": {
    "total": 2,
    "resolved_wl": 2,
    "wins": 2,
    "losses": 0,
    "win_rate": 1.0,
    "total_staked": 2.7262845826613775,
    "net_profit": 5.589426873992066,
    "roi": 2.050199348057682,
    "implied_break_even": 0.3449800651942318,
    "edge_gap": 0.6550199348057681
  }
}
